listing_date;title;company;location;work_type;link
30-Sep-24 10:28;ASSISTANT RELATIONSHIP MANAGER BUSINESS DEVELOPMENT (MANDARIN SPEAKER);Bank of China (Hong Kong) Limited Jakarta Branch;Jakarta;Full time;https://www.jobstreet.co.id/job/79183350
04-Oct-24 03:52;Technical Support Manager;Cartrack;Jakarta;Full time;https://www.jobstreet.co.id/job/79283829
02-Oct-24 03:41;Assistant Manager Operation Technology Project;PT Mitra Transaksi Indonesia;South Jakarta;Casual/Vacation;https://www.jobstreet.co.id/job/79224522
01-Oct-24 08:33;Enterprise Risk Management and KYC Assistant Manager;Hanwha Life Insurance Indonesia;Jakarta;Full time;https://www.jobstreet.co.id/job/79206988
04-Oct-24 08:24;Software Development Team Lead;B2BE GSS Sdn Bhd;Surabaya;Full time;https://www.jobstreet.co.id/job/79298340
05-Oct-24 22:15;Senior Internal Audit;PT UangMe Fintek Indonesia;South Jakarta;Full time;https://www.jobstreet.co.id/job/79317562
05-Oct-24 08:18;Senior Relationship Manager Funding;PT. Dwi Inti Sari;East Jakarta;Full time;https://www.jobstreet.co.id/job/79314134
03-Oct-24 12:16;Project Manager (Payment Tech);EURONET TECHNOLOGIES INDONESIA;Jakarta;Full time;https://www.jobstreet.co.id/job/79267766
04-Oct-24 10:38;ERP Account Manager;Wilmar Group;Jakarta;Full time;https://www.jobstreet.co.id/job/79302803
04-Oct-24 10:31;Collection Analyst/Manager;Geekhunter;Jakarta;Full time;https://www.jobstreet.co.id/job/79302721
03-Oct-24 07:00;Manager General Affair;PT Cipta Karya Technology;East Jakarta;Full time;https://www.jobstreet.co.id/job/79260454
04-Oct-24 10:23;Branch Management Staff;Orico Balimor Finance;Central Jakarta;Contract/Temp;https://www.jobstreet.co.id/job/79302618
02-Oct-24 03:26;Treasury Analyst Manager;Dexa Group;South Tangerang;Full time;https://www.jobstreet.co.id/job/79223863
04-Oct-24 06:09;Business Manager (Kepala Cabang) Adonara - Nusa Tenggara Timur;PT Amartha Mikro Fintek (Jakarta);East Flores;Full time;https://www.jobstreet.co.id/job/79310002
02-Oct-24 10:31;Finance Analyst;PT Duta Agro Makmur Indah;North Jakarta;Full time;https://www.jobstreet.co.id/job/79237681
04-Oct-24 22:43;Manager - IRAU Credit Risk Senior Analyst - Hybrid;Citibank;Jakarta;Full time;https://www.jobstreet.co.id/job/79310532
02-Oct-24 10:10;IT Supervisor (Berau);PT Sumber Mitra Jaya;East Kalimantan;Full time;https://www.jobstreet.co.id/job/79237404
04-Oct-24 09:57;Financial Planning & Analysis Sr. Manager;PT Richeese Kuliner Indonesia;Bandung;Full time;https://www.jobstreet.co.id/job/79301744
01-Oct-24 08:10;Application Support Manager;Private Advertiser;Jakarta;Full time;https://www.jobstreet.co.id/job/79206539
04-Oct-24 09:32;Funding & Treasury Division Head;Lembaga Pembiayaan Ekspor Indonesia (Indonesia Eximbank);South Jakarta;Full time;https://www.jobstreet.co.id/job/79300486
01-Oct-24 09:54;Senior Enterprise Account Manager;GoPomelo Co., Ltd.;Jakarta;Full time;https://www.jobstreet.co.id/job/79209597
04-Oct-24 06:20;Account Manager SME Lending (Bojonegoro);PT Simplefi Teknologi Indonesia (Jakarta);Bojonegoro;Full time;https://www.jobstreet.co.id/job/79293156
01-Oct-24 04:09;QUALITY CONTROL MANAGER Data Center (Construstion Project);PT YPTT Solutions Indonesia;Bekasi Regency;Contract/Temp;https://www.jobstreet.co.id/job/79199047
01-Oct-24 10:03;Team Leader - Bangka Belitung;PT Amartha Mikro Fintek (Jakarta);West Bangka;Full time;https://www.jobstreet.co.id/job/79209710
04-Oct-24 06:26;Account Manager SME Lending (Probolinggo);PT Simplefi Teknologi Indonesia (Jakarta);Probolinggo;Full time;https://www.jobstreet.co.id/job/79293490
05-Oct-24 02:13;Branch Manager Roda Dua - Jakarta;PT KB Finansia Multi Finance;East Jakarta;Full time;https://www.jobstreet.co.id/job/79311832
04-Oct-24 06:28;Account Manager SME Lending (Temanggung);PT Simplefi Teknologi Indonesia (Jakarta);Temanggung Regency;Full time;https://www.jobstreet.co.id/job/79293708
30-Sep-24 11:11;Information Security Officer (Manager Level);PT Justika Siar Publika;South Jakarta;Full time;https://www.jobstreet.co.id/job/79183708
04-Oct-24 06:22;Account Manager SME Lending (Kendal);PT Simplefi Teknologi Indonesia (Jakarta);Kendal Regency;Full time;https://www.jobstreet.co.id/job/79293189
04-Oct-24 06:25;Account Manager SME Lending (Pasuruan);PT Simplefi Teknologi Indonesia (Jakarta);Pasuruan;Full time;https://www.jobstreet.co.id/job/79293403
04-Oct-24 06:10;Account Manager SME Lending (Jember);PT Simplefi Teknologi Indonesia (Jakarta);Jember;Full time;https://www.jobstreet.co.id/job/79292844
03-Oct-24 03:23;Regional Service Manager;PT Mitra Karsa Utama;Semarang;Contract/Temp;https://www.jobstreet.co.id/job/79251186
03-Oct-24 02:58;Business Analyst Manager;PT Tigaraksa Satria, Tbk;South Jakarta;Full time;https://www.jobstreet.co.id/job/79251433
03-Oct-24 08:58;Business Manager (Kepala Cabang) Pantar - Nusa Tenggara Timur;PT Amartha Mikro Fintek (Jakarta);Jakarta;Full time;https://www.jobstreet.co.id/job/79270998
03-Oct-24 14:42;Software Project Manager;PT Inovasi Kreatif Digital;Jakarta;Full time;https://www.jobstreet.co.id/job/79268776
04-Oct-24 02:35;Sr. Associate, Specialist, Digital Channel Management;PT Bank DBS Indonesia;Jakarta;Full time;https://www.jobstreet.co.id/job/79301318
03-Oct-24 09:52;IT Manager;Private Advertiser;Central Jakarta;Full time;https://www.jobstreet.co.id/job/79266436
03-Oct-24 11:43;Finance Controlling Specialist;PT BMW Indonesia;Central Jakarta;Full time;https://www.jobstreet.co.id/job/79267413
04-Oct-24 01:25;Relationship Manager Hajj & Funding;PT Bank Muamalat Indonesia, Tbk;Jakarta;Full time;https://www.jobstreet.co.id/job/79276959
04-Oct-24 01:04;Branch Manager Elektronik - Kalimantan;PT KB Finansia Multi Finance;Pontianak;Full time;https://www.jobstreet.co.id/job/79276574
03-Oct-24 03:23;Sales and Project Support Staff;PT PDP Indonesia;South Jakarta;Full time;https://www.jobstreet.co.id/job/79204864
02-Oct-24 11:15;Business Analyst Asistant Manager;PT Inovasi Karya International;West Jakarta;Full time;https://www.jobstreet.co.id/job/79238066
03-Oct-24 02:38;IT Project Manager;Trans Retail Group;South Jakarta;Full time;https://www.jobstreet.co.id/job/79250725
02-Oct-24 07:38;Corporate Finance Manager;PT Abhimata Persada;Central Jakarta;Contract/Temp;https://www.jobstreet.co.id/job/79233380
02-Oct-24 10:15;Branch Manager (BMDP);PT Smart Multi Finance;Jakarta;Contract/Temp;https://www.jobstreet.co.id/job/79237470
02-Oct-24 02:58;Lead Product Manager;PT Amartha Mikro Fintek (Jakarta);South Jakarta;Full time;https://www.jobstreet.co.id/job/79241750
02-Oct-24 12:00;SR&T Consultant, M&A Transaction Diligence, Execution & Reporting;Deloitte;Jakarta;Full time;https://www.jobstreet.co.id/job/79242751
02-Oct-24 12:00;Senior Manager - Enterprise Security - OT Security - JKT;Deloitte;Jakarta;Full time;https://www.jobstreet.co.id/job/79242905
01-Oct-24 07:28;Treasury Supervisor;Buttonscarves;South Jakarta;Full time;https://www.jobstreet.co.id/job/79205623
01-Oct-24 10:10;Relationship Manager Funding (Cikarang);PT Bank Bukopin Tbk;Bekasi Regency;Contract/Temp;https://www.jobstreet.co.id/job/79209789
01-Oct-24 02:55;Funding Manager;PT. BANK PEREKONOMIAN RAKYAT PARINAMA;Bandung;Full time;https://www.jobstreet.co.id/job/79195470
01-Oct-24 06:54;Project Manager - IT Consulting (A-109666);RGF HR Agent Indonesia;South Jakarta;Full time;https://www.jobstreet.co.id/job/79204744
02-Oct-24 02:41;BRANCH MANAGER MOTORCYCLE - BIMA;PT Mega Central Finance;Sumbawa;Full time;https://www.jobstreet.co.id/job/79221666
01-Oct-24 03:41;Relationship Manager Funding - KoinWorks Bank;PT Lunaria Annua Teknologi (KoinWorks);South Tangerang;Full time;https://www.jobstreet.co.id/job/79198090
01-Oct-24 04:51;Investor Relation Section Head;Agung Sedayu Group;North Jakarta;Full time;https://www.jobstreet.co.id/job/79200112
01-Oct-24 07:03;Assistant Sharia Representatif Sales Center (ASRSC);PT Infomedia Solusi Humanika;Makassar;Contract/Temp;https://www.jobstreet.co.id/job/79204999
02-Oct-24 02:08;Risk Analyst Supervisor;Private Advertiser;Jakarta;Casual/Vacation;https://www.jobstreet.co.id/job/79220975
01-Oct-24 07:46;Transaction Monitoring Dept Head;PT. PERSOLKELLY Recruitment Indonesia;South Tangerang;Full time;https://www.jobstreet.co.id/job/79206076
01-Oct-24 04:02;IT Project Management Support Officer;Yayasan Bina Nusantara;Jakarta;Full time;https://www.jobstreet.co.id/job/79198849
01-Oct-24 06:21;Business Manager (Leader Cabang) Pantar - Alor;PT Amartha Mikro Fintek (Jakarta);East Nusa Tenggara;Contract/Temp;https://www.jobstreet.co.id/job/79243115
01-Oct-24 07:25;Business Manager Wilayah Malaka Tengah - Nusa Tenggara Timur;PT Amartha Mikro Fintek (Jakarta);Malaka;Contract/Temp;https://www.jobstreet.co.id/job/78977976
01-Oct-24 04:02;IT Project Manager;PT Peoplyee Tech Indonesia;Jakarta;Full time;https://www.jobstreet.co.id/job/79198833
02-Oct-24 02:39;System Analyst;PT Ako Media Asia;West Jakarta;Full time;https://www.jobstreet.co.id/job/79222044
01-Oct-24 07:52;Settlement & Dispute Management Dept Head;PT. PERSOLKELLY Recruitment Indonesia;South Tangerang;Full time;https://www.jobstreet.co.id/job/79206187
01-Oct-24 10:01;Franchise Cash Management;PT Lion Super Indo;South Jakarta;Full time;https://www.jobstreet.co.id/job/79209692
30-Sep-24 07:14;Program Manager (Digital Automation);ASIA PULP AND PAPER;Tangerang;Full time;https://www.jobstreet.co.id/job/79177036
01-Oct-24 02:51;Area Bancassurance Manager - Magelang;PT AIA FINANCIAL;Magelang;Contract/Temp;https://www.jobstreet.co.id/job/79195415
01-Oct-24 02:37;ERP Supervisor;PT Tangkas Cipta Optimal;Central Jakarta;Full time;https://www.jobstreet.co.id/job/79195027
30-Sep-24 02:58;Branch Head (SULAWESI);PT Wahana Ottomitra Multiartha (WOM Finance), Tbk;South Sulawesi;Full time;https://www.jobstreet.co.id/job/79167851
01-Oct-24 12:00;IT Project Manager;PT. Metrodata Electronics, Tbk;West Jakarta;Full time;https://www.jobstreet.co.id/job/79214699
30-Sep-24 11:14;Dynamics365 Technical Consultant;Technosoft Group;West Jakarta;Full time;https://www.jobstreet.co.id/job/79183720
30-Sep-24 07:58;Oracle SCM / MFG Consultant (Junior);Hand International Pte. Ltd.;Central Jakarta;Full time;https://www.jobstreet.co.id/job/79178275
30-Sep-24 09:27;Relationship Manager SMEs Lending - Surabaya/Jember;PT Lunaria Annua Teknologi (KoinWorks);East Java;Full time;https://www.jobstreet.co.id/job/79181427
30-Sep-24 09:47;IT Division Team;PT Gudang Kripto Indonesia;South Jakarta;Full time;https://www.jobstreet.co.id/job/79182729
30-Sep-24 09:28;Relationship Manager SMEs Lending - Semarang;PT Lunaria Annua Teknologi (KoinWorks);Semarang;Full time;https://www.jobstreet.co.id/job/79181684
30-Sep-24 08:14;Merchant Ops;PT. Venteny Fortuna International TBK;South Jakarta;Full time;https://www.jobstreet.co.id/job/79178695
30-Sep-24 04:02;Danamon Banking Officer (Mortgage Relationship Manager Development Program);PT Bank Danamon Indonesia, Tbk;Jakarta;Contract/Temp;https://www.jobstreet.co.id/job/79170730
30-Sep-24 06:19;Principal Product Strategist;PT Solusi Transportasi Indonesia;South Jakarta;Full time;https://www.jobstreet.co.id/job/79181628
01-Oct-24 12:00;Treasury Assistant;DiethelmKellerSiberHegner - DKSH Holding Ltd;Jakarta;Full time;https://www.jobstreet.co.id/job/79238686
04-Oct-24 08:00;Analyst, Compliance Department;The Bank of Tokyo Mitsubishi-UFJ;Jakarta;Full time;https://www.jobstreet.co.id/job/79308378
05-Oct-24 00:00;Consultant / Interim Manager / Partner @ INSECOGO (m/f/d) remote in Malaysia;INSEMACO® Recruiting & Executive Search Consultants GmbH & Co. KG;Kuningan Regency;Full time;https://www.jobstreet.co.id/job/79317787
04-Oct-24 08:14;Project Manager - IT;Shopee Internasional Indonesia;Jakarta;Full time;https://www.jobstreet.co.id/job/79304011
04-Oct-24 14:15;Head of Credit Risk and Underwriting;Xendit;Jakarta;Full time;https://www.jobstreet.co.id/job/79308682
03-Oct-24 09:54;Service Delivery Manager;PT NTT Indonesia;South Jakarta;Full time;https://www.jobstreet.co.id/job/79268449
03-Oct-24 03:29;Loyalty and Promotions Product Manager;PT Telkomsel Ekosistem Digital;South Jakarta;Full time;https://www.jobstreet.co.id/job/79271427
03-Oct-24 04:51;KEPALA BENGKEL;PT Ramarayo Perdana;Central Jakarta;Full time;https://www.jobstreet.co.id/job/79259486
02-Oct-24 03:56;Business Manager (Kepala Cabang) Nusa Tenggara Timur;PT Amartha Mikro Fintek (Jakarta);East Nusa Tenggara;Contract/Temp;https://www.jobstreet.co.id/job/79224976
02-Oct-24 10:24;Technical Project Manager;PT Sea Group;Jakarta;Full time;https://www.jobstreet.co.id/job/79238947
02-Oct-24 07:19;Junior Supervisor Brach;Zerone Japan;Pati Regency;Full time;https://www.jobstreet.co.id/job/79235922
02-Oct-24 10:21;Product Ops & Quality Associate;Ruangguru.com;Jakarta;Contract/Temp;https://www.jobstreet.co.id/job/79238925
02-Oct-24 00:00;Server to Ensure Best Quality Service;The Basket;Badung;Full time;https://www.jobstreet.co.id/job/79225438
30-Sep-24 09:30;Senior Account Executive;Kantar;Jakarta;Full time;https://www.jobstreet.co.id/job/79246563
30-Sep-24 12:48;Service Supervisor - Bali Branch;PT Rentokil Initial Indonesia;Lombok;Full time;https://www.jobstreet.co.id/job/79187011
30-Sep-24 00:00;Technical Lead - IVR;Flintex Consulting Pte Ltd;Jakarta;Full time;https://www.jobstreet.co.id/job/79184618
04-Oct-24 10:11;Product Development Assistant Manager;PT Asuransi Allianz Life Indonesia;Jakarta;Full time;https://www.jobstreet.co.id/job/79306330
04-Oct-24 08:17;Chief Engineering / Asst. Chief Engineering;Company Confidential;Jakarta;Full time;https://www.jobstreet.co.id/job/79303977
03-Oct-24 03:10;Kepala Bagian Kendaraan;PT Prawita Jaya Baru;Semarang;Full time;https://www.jobstreet.co.id/job/79309105
03-Oct-24 09:13;Frontliner;PT Sumberdaya Dian Mandiri (BOSS);Tangerang;Full time;https://www.jobstreet.co.id/job/79309051
02-Oct-24 07:29;Investment Banking Manager;Czarnikow;Central Jakarta;Full time;https://www.jobstreet.co.id/job/79241739
01-Oct-24 09:44;Finance Associate/Senior Associate;Deliveree (PT Angkut Teknologi Indonesia);Jakarta;Full time;https://www.jobstreet.co.id/job/79229708
