listing_date;title;company;location;work_type;link
01-Oct-24 23:20;Senior IT Operation Support;PT Sinergi Daya Mitra;Jakarta;Contract/Temp;https://www.jobstreet.co.id/job/79216944
04-Oct-24 03:52;Technical Support Manager;Cartrack;Jakarta;Full time;https://www.jobstreet.co.id/job/79283829
03-Oct-24 06:42;IT System Operation Staff;PT Kb Valbury Sekuritas;Jakarta;Full time;https://www.jobstreet.co.id/job/79259861
30-Sep-24 10:33;IT Operation;KAI Properti;Jakarta;Full time;https://www.jobstreet.co.id/job/79183393
04-Oct-24 07:13;IT Service Coordinator;PT. Berca Hardayaperkasa;Jakarta;Full time;https://www.jobstreet.co.id/job/79296406
03-Oct-24 16:18;IT Specialist;PT Hangcha Indonesia Forklift;East Jakarta;Full time;https://www.jobstreet.co.id/job/79270525
30-Sep-24 03:50;IT SOC Analyst (Security Operation Center);PT CIMB Niaga Auto Finance;South Tangerang;Full time;https://www.jobstreet.co.id/job/79170243
03-Oct-24 08:01;Head of IT - Banking;PT Michael Page Internasional Indonesia;Jakarta;Full time;https://www.jobstreet.co.id/job/79261963
03-Oct-24 09:52;IT Manager;Private Advertiser;Central Jakarta;Full time;https://www.jobstreet.co.id/job/79266436
05-Oct-24 03:20;IT Network Supervisor;PT Niaga Nusa Abadi;East Jakarta;Full time;https://www.jobstreet.co.id/job/79312202
03-Oct-24 03:21;System Analyst - IT Solution & Services - WFO - Jakarta;PT. PERSOLKELLY Recruitment Indonesia;Jakarta;Contract/Temp;https://www.jobstreet.co.id/job/79252296
02-Oct-24 02:06;IT engineering;PT Langit Metal Industry;South Jakarta;Full time;https://www.jobstreet.co.id/job/79220929
03-Oct-24 08:22;IT Support;Private Advertiser;Medan;Full time;https://www.jobstreet.co.id/job/79262387
03-Oct-24 04:16;Cloud Technology Section Head;PT Multipolar Technology Tbk;Banten;Full time;https://www.jobstreet.co.id/job/79254541
04-Oct-24 06:58;IT Infrastructure Service Supervisor;PT Amerta Indah Otsuka;Pasuruan;Full time;https://www.jobstreet.co.id/job/79295954
03-Oct-24 10:42;Network Engineer;PT Anabatic Technologies;Tangerang Regency;Full time;https://www.jobstreet.co.id/job/79267040
02-Oct-24 10:10;IT Supervisor (Berau);PT Sumber Mitra Jaya;East Kalimantan;Full time;https://www.jobstreet.co.id/job/79237404
04-Oct-24 04:00;Product Operations Analyst;PT Trinusa Travelindo;Jakarta;Full time;https://www.jobstreet.co.id/job/79303863
01-Oct-24 11:18;Cloud Operation Manager (Project Based);PT Era Awan Digital;Central Jakarta;Contract/Temp;https://www.jobstreet.co.id/job/79210296
01-Oct-24 08:10;Application Support Manager;Private Advertiser;Jakarta;Full time;https://www.jobstreet.co.id/job/79206539
30-Sep-24 03:18;L1 - Security Operation Center (SOC);PT Metrocom Global Solusi;Jakarta;Full time;https://www.jobstreet.co.id/job/79168592
30-Sep-24 07:40;IT Security Engineer L2 (Infoblox);PT Packet Systems Indonesia;Jakarta;Full time;https://www.jobstreet.co.id/job/79177772
01-Oct-24 03:41;IT Security (SOC L1 & Splunk Certified);PT Metrocom Global Solusi;Jakarta;Full time;https://www.jobstreet.co.id/job/79198123
04-Oct-24 03:56;MIS & Data Management Executive;Lembaga Pembiayaan Ekspor Indonesia (Indonesia Eximbank);South Jakarta;Full time;https://www.jobstreet.co.id/job/79284290
30-Sep-24 03:45;L2 - Security Operation Center (SOC);PT Metrocom Global Solusi;Jakarta;Full time;https://www.jobstreet.co.id/job/79170120
02-Oct-24 08:08;Sharia Investment Operation;PT Asuransi Allianz Life Indonesia;Jakarta;Full time;https://www.jobstreet.co.id/job/79234072
30-Sep-24 10:24;Technician Spoke IT;Private Advertiser;Ogan Komering Ilir;Full time;https://www.jobstreet.co.id/job/79183289
04-Oct-24 10:37;IT Staff;Private Advertiser;South Jakarta;Full time;https://www.jobstreet.co.id/job/79302788
01-Oct-24 07:04;System Analyst;PT XSIS MITRA UTAMA - Recruitment Center;South Jakarta;Full time;https://www.jobstreet.co.id/job/79205047
03-Oct-24 11:34;Data Analytics Operation;PT. BFI FINANCE INDONESIA, Tbk;South Tangerang;Full time;https://www.jobstreet.co.id/job/79267378
04-Oct-24 12:00;IT HELPDESK SUPERVISOR;PT Indomobil Finance Indonesia;Jakarta;Full time;https://www.jobstreet.co.id/job/79306331
03-Oct-24 03:27;ICT Operational Supervisor;PT Maybank Indonesia Finance;Central Jakarta;Full time;https://www.jobstreet.co.id/job/79252562
03-Oct-24 08:20;Staff-RAN, MW & Fiber Ops & Performance North Sumatera;Indosat Ooredoo;Medan;Full time;https://www.jobstreet.co.id/job/79262351
03-Oct-24 06:48;Monitoring CCTV Staff;PT Global Jet Express (Cabang Jakarta);North Jakarta;Contract/Temp;https://www.jobstreet.co.id/job/79260040
03-Oct-24 08:26;IT Support Specialist;PT DAYA CIPTA TEKNOLOGI SOLUSI;Tangerang;Full time;https://www.jobstreet.co.id/job/79260049
03-Oct-24 03:13;Server Storage Engineer;PT. KOBUS SMART SERVICE;West Jakarta;Full time;https://www.jobstreet.co.id/job/79252019
03-Oct-24 05:05;IT Infrastructure Specialist;PT Adibayu Gajah Semakmur;Yogyakarta Special Region;Contract/Temp;https://www.jobstreet.co.id/job/79253514
03-Oct-24 09:53;IT Support;PT Kepoo Solusi Indonesia;Jakarta;Full time;https://www.jobstreet.co.id/job/79266443
03-Oct-24 03:09;Backup & Storage Engineer;PT. KOBUS SMART SERVICE;West Jakarta;Full time;https://www.jobstreet.co.id/job/79251904
03-Oct-24 08:21;Engineer Onsite for Redhat System Administrator;PT Metrocom Global Solusi;Jakarta;Full time;https://www.jobstreet.co.id/job/79262379
03-Oct-24 03:06;IT System Engineer (Site Based);PT Maruwai Coal;Central Kalimantan;Full time;https://www.jobstreet.co.id/job/79251792
02-Oct-24 03:41;Assistant Manager Operation Technology Project;PT Mitra Transaksi Indonesia;South Jakarta;Casual/Vacation;https://www.jobstreet.co.id/job/79224522
02-Oct-24 03:32;IT Support Staff;PT. KOPI BINTANG INDONESIA;North Jakarta;Full time;https://www.jobstreet.co.id/job/79224220
02-Oct-24 12:01;Head Of IT;PT. Fidac Inovasi Technology;Jakarta;Full time;https://www.jobstreet.co.id/job/79238465
02-Oct-24 07:38;IT SENIOR NETWORK SECURITY;PT Griya Mitra Persada;Central Jakarta;Full time;https://www.jobstreet.co.id/job/79233365
02-Oct-24 10:22;IT Staff;PT Acset Indonusa Tbk;Central Jakarta;Full time;https://www.jobstreet.co.id/job/79237564
02-Oct-24 09:46;IT Infrastructure & Security Senior Supervisor;PT Etana Biotechnologies Indonesia;East Jakarta;Full time;https://www.jobstreet.co.id/job/79237001
02-Oct-24 07:39;IT System Support (JS - IT SS);OTO Group;Jakarta;Full time;https://www.jobstreet.co.id/job/79233401
03-Oct-24 02:38;IT Project Manager;Trans Retail Group;South Jakarta;Full time;https://www.jobstreet.co.id/job/79250725
02-Oct-24 08:09;IT Support;PT Cipta Teknik Berjaya;Tangerang;Full time;https://www.jobstreet.co.id/job/79234096
02-Oct-24 09:19;IT - Business Application Support & Development Officer;PT Garudafood Putra Putri Jaya;South Jakarta;Full time;https://www.jobstreet.co.id/job/79235720
01-Oct-24 03:07;Developer Microsoft Dynamics 365 Finance Operation;PT Astra Graphia Information Technology (AGIT);Jakarta;Contract/Temp;https://www.jobstreet.co.id/job/79196084
01-Oct-24 04:04;IT Deployment & Asset Management Section Head;Yayasan Bina Nusantara;Jakarta;Full time;https://www.jobstreet.co.id/job/79198900
01-Oct-24 08:27;Engineer Onsite - Luwuk;PT Digital Aplikasi Solusi;Banggai Regency;Full time;https://www.jobstreet.co.id/job/79206873
01-Oct-24 07:20;IT Support - Japanese Speaker;People Connect HR Services;South Jakarta;Full time;https://www.jobstreet.co.id/job/79205458
01-Oct-24 07:59;IT Support, HSE Officer, Admin Warehouse dan Resepsionis;OSCT Indonesia;Cikarang;Contract/Temp;https://www.jobstreet.co.id/job/79206318
02-Oct-24 12:00;Senior Manager - Enterprise Security - OT Security - JKT;Deloitte;Jakarta;Full time;https://www.jobstreet.co.id/job/79242905
01-Oct-24 03:56;IT Customer Service Officer;British School Jakarta;South Tangerang;Full time;https://www.jobstreet.co.id/job/79198646
01-Oct-24 08:44;Digital Devops Analyst;PT Tripatra Engineers & Constructors;South Tangerang;Contract/Temp;https://www.jobstreet.co.id/job/79207189
01-Oct-24 04:02;IT Project Management Support Officer;Yayasan Bina Nusantara;Jakarta;Full time;https://www.jobstreet.co.id/job/79198849
01-Oct-24 09:14;IT Technical Support;PT Steel Pipe Industry of Indonesia Tbk;Surabaya;Full time;https://www.jobstreet.co.id/job/79208152
01-Oct-24 04:02;IT Project Manager;PT Peoplyee Tech Indonesia;Jakarta;Full time;https://www.jobstreet.co.id/job/79198833
01-Oct-24 03:12;System Administrator;PT Cyberquote Indonesia;Surabaya;Contract/Temp;https://www.jobstreet.co.id/job/79196205
01-Oct-24 08:08;Junior IT Consultant;PT. Vostra Internasional;Jakarta;Full time;https://www.jobstreet.co.id/job/79206508
01-Oct-24 06:54;Project Manager - IT Consulting (A-109666);RGF HR Agent Indonesia;South Jakarta;Full time;https://www.jobstreet.co.id/job/79204744
01-Oct-24 07:35;IT Helpdesk / Support;PT Buana Finance Tbk;South Jakarta;Full time;https://www.jobstreet.co.id/job/79205829
01-Oct-24 03:29;IT Business Process Improvement Specialist;PT. Wide Technologies Indonesia;South Jakarta;Full time;https://www.jobstreet.co.id/job/79196993
01-Oct-24 01:52;IT Support Staff - Trading (A-111336);RGF HR Agent Indonesia;South Jakarta;Full time;https://www.jobstreet.co.id/job/79193741
01-Oct-24 02:33;Network Operations Head;PT Visionet Data Internasional;Tangerang;Full time;https://www.jobstreet.co.id/job/79194893
30-Sep-24 02:58;Network Administrator;PT Airfast Indonesia;Tangerang;Contract/Temp;https://www.jobstreet.co.id/job/79167764
01-Oct-24 12:00;IT Project Manager;PT. Metrodata Electronics, Tbk;West Jakarta;Full time;https://www.jobstreet.co.id/job/79214699
30-Sep-24 08:58;IT staff;PT Peoplyee Tech Indonesia;Surabaya;Full time;https://www.jobstreet.co.id/job/79179819
30-Sep-24 07:45;IT Infrastructure Staff - Network & Server;Sari Rasa Group;Central Jakarta;Full time;https://www.jobstreet.co.id/job/79177902
30-Sep-24 08:01;Head of Operation;PT Persada Inti Utama (Jakarta);Bekasi;Full time;https://www.jobstreet.co.id/job/79178346
30-Sep-24 04:27;IT Operational (Aceh);WINGS Group;Banda Aceh;Full time;https://www.jobstreet.co.id/job/79171406
30-Sep-24 10:16;IT Database & Storage Technology Officer;PT CIMB Niaga Auto Finance;Tangerang;Full time;https://www.jobstreet.co.id/job/79183140
01-Oct-24 02:37;ERP Supervisor;PT Tangkas Cipta Optimal;Central Jakarta;Full time;https://www.jobstreet.co.id/job/79195027
30-Sep-24 07:00;Server and Storage Engineer;PT Ivatama Teknologi;Jakarta;Full time;https://www.jobstreet.co.id/job/79176664
01-Oct-24 02:06;IT Infrastructure Engineer - Cilegon - IT Consulting (A-109844);RGF HR Agent Indonesia;Cilegon;Full time;https://www.jobstreet.co.id/job/79194156
30-Sep-24 10:42;IT Technician;PT Bizlink Technology Indonesia;Batam;Full time;https://www.jobstreet.co.id/job/79183484
30-Sep-24 09:47;IT Division Team;PT Gudang Kripto Indonesia;South Jakarta;Full time;https://www.jobstreet.co.id/job/79182729
30-Sep-24 11:14;Dynamics365 Technical Consultant;Technosoft Group;West Jakarta;Full time;https://www.jobstreet.co.id/job/79183720
30-Sep-24 07:21;Cyber Security Analyst;PT Packet Systems Indonesia;Jakarta;Full time;https://www.jobstreet.co.id/job/79177253
30-Sep-24 18:22;IT Supervisor;PT. Dassa Cipta Daya;Kulon Progo;Full time;https://www.jobstreet.co.id/job/79187475
04-Oct-24 11:17;IT Data Centre Operations;PT NTT Indonesia;South Jakarta;Full time;https://www.jobstreet.co.id/job/79306326
04-Oct-24 08:14;Project Manager - IT;Shopee Internasional Indonesia;Jakarta;Full time;https://www.jobstreet.co.id/job/79304011
04-Oct-24 07:30;IT Onsite Support Technican – Sankt Ingbert (m/f/d);DXC Technology;East Nusa Tenggara;Full time;https://www.jobstreet.co.id/job/79308639
02-Oct-24 09:24;IT Supervisor;PT Soejasch Bali;Denpasar;Contract/Temp;https://www.jobstreet.co.id/job/79235892
04-Oct-24 05:22;IT Business Support Engineer;PT Kb Valbury Sekuritas;Jakarta;Full time;https://www.jobstreet.co.id/job/79301568
02-Oct-24 09:03;IT Supervisor;PT Soejasch Bali;Denpasar;Full time;https://www.jobstreet.co.id/job/79238885
02-Oct-24 08:50;Cloud Engineer;PT Xtremax Teknologi Indonesia;South Jakarta;Full time;https://www.jobstreet.co.id/job/79241734
03-Oct-24 07:30;Analyst, Credit Analysis Department 1 (Contract 1 Year);The Bank of Tokyo Mitsubishi-UFJ;Jakarta;Full time;https://www.jobstreet.co.id/job/79271477
03-Oct-24 09:54;Service Delivery Manager;PT NTT Indonesia;South Jakarta;Full time;https://www.jobstreet.co.id/job/79268449
03-Oct-24 10:05;System Engineer;PT NTT Indonesia;South Jakarta;Full time;https://www.jobstreet.co.id/job/79268327
03-Oct-24 18:40;Solutions Consultant - FSI, Indonesia;Palo Alto Networks;Central Jakarta;Full time;https://www.jobstreet.co.id/job/79273305
02-Oct-24 07:28;Agri On-Farm Operation Intern;PT Telkomsel Ekosistem Digital;South Jakarta;Full time;https://www.jobstreet.co.id/job/79241706
02-Oct-24 10:24;Technical Project Manager;PT Sea Group;Jakarta;Full time;https://www.jobstreet.co.id/job/79238947
02-Oct-24 08:52;Chubb Life - IT Core Application Support Officer;PT Chubb General Insurance Indonesia;Jakarta;Full time;https://www.jobstreet.co.id/job/79238690
01-Oct-24 15:52;Chubb Life - IT Core Application Support Officer;PT Chubb General Insurance Indonesia;Jakarta;Full time;https://www.jobstreet.co.id/job/79214719
30-Sep-24 21:15;Position;PT Summarecon Agung, Tbk;Jakarta;Full time;https://www.jobstreet.co.id/job/79191831
